band_name,FS,FV,A,B,S,DIR,DIF,TS
BAND-1,0.8288732680558936,0.8489218798670942,403.6303006929269,49.58128,0.1766852,1189.9868342089915,245.68118388205207,0.7206557055595466
BAND-2,0.8679998888199054,0.8833089947157158,464.8658110167004,39.16571,0.1368449,1398.5739723316428,212.6865660968487,0.7779347425439461
BAND-3,0.9158477668575316,0.9255934311457688,441.31480050372573,19.20634,0.0834289,1383.5317573526252,127.12515010855192,0.8300351063959582
BAND-4,0.945194002018856,0.9514852631473848,395.6417013966436,9.002399999999998,0.051712,1235.8097260405755,71.65702118251555,0.8919629482428626
BAND-5,0.9737249289157626,0.976672988973755,260.97672664726247,1.992547,0.0226877,808.8024940433912,21.82479046292531,0.9590394496323208
BAND-6,0.995370234590785,0.9958407602162755,65.52855293574693,0.06122355,0.0033037,210.1842605242248,0.9776299971902308,0.9724458468634564
BAND-7,0.9985295956513176,0.9986783643618669,21.530723611636237,0.007462652999999999,0.001056,70.05916650795089,0.10316700289539772,0.9642530520547103
BAND-8,0.924139,0.932652,424.015267,16.15749,0.074921,1330.980104,109.258228,0.850028
